epoch,train_loss,test_loss,test_accuracy
0,6668.894251699365,10818.1769140625,0.1
